{"Novak Djokovic": {"sw1": 0.7888095238095236, "sp1": 0.6338095238095238, "sw2": 0.5914285714285714, "sp2": 0.92925877763329, "rw1": 0.47374999999999995, "rp1": 0.6283000000000001, "rw2": 0.5733500000000001, "rp2": 0.9064500000000001}, "Andrey Rublev": {"sw1": 0.7591, "sp1": 0.6567000000000002, "sw2": 0.53775, "sp2": 0.9405767550247597, "rw1": 0.46599999999999997, "rp1": 0.6129444444444444, "rw2": 0.5446111111111112, "rp2": 0.8390000000000001}, "Carlos Alcaraz": {"sw1": 0.7374347826086957, "sp1": 0.6762173913043479, "sw2": 0.5742173913043479, "sp2": 0.9289646837652745, "rw1": 0.45771428571428563, "rp1": 0.6422380952380952, "rw2": 0.5959047619047619, "rp2": 0.7913809523809525}, "Daniil Medvedev": {"sw1": 0.7691250000000001, "sp1": 0.6534166666666665, "sw2": 0.4930833333333334, "sp2": 0.8491223851887474, "rw1": 0.41279999999999994, "rp1": 0.6948666666666667, "rw2": 0.5323333333333333, "rp2": 0.9147333333333334}, "Jannik Sinner": {"sw1": 0.7832857142857145, "sp1": 0.6472380952380952, "sw2": 0.5837619047619047, "sp2": 0.9419546436285098, "rw1": 0.48319047619047617, "rp1": 0.6455714285714285, "rw2": 0.5985714285714284, "rp2": 0.8589999999999999}}